primarii_transparency.current_entity_status	cui	text
primarii_transparency.current_entity_status	snapshot_id	bigint
primarii_transparency.current_entity_status	entity_name	text
primarii_transparency.current_entity_status	entity_type	text
primarii_transparency.current_entity_status	county	text
primarii_transparency.current_entity_status	website_url	text
primarii_transparency.current_entity_status	result_status	text
primarii_transparency.current_entity_status	data_quality_status	text
primarii_transparency.current_entity_status	confidence	real
primarii_transparency.current_entity_status	evidence_coverage	real
primarii_transparency.current_entity_status	missing_required_categories	text[]
primarii_transparency.current_entity_status	issue_count	integer
primarii_transparency.current_entity_status	updated_at	timestamp with time zone
primarii_transparency.documents	document_pk	bigint
primarii_transparency.documents	snapshot_id	bigint
primarii_transparency.documents	cui	text
primarii_transparency.documents	raw_document_id	text
primarii_transparency.documents	raw_document_key	text
primarii_transparency.documents	category	text
primarii_transparency.documents	document_type	text
primarii_transparency.documents	title	text
primarii_transparency.documents	source_url	text
primarii_transparency.documents	local_path	text
primarii_transparency.documents	raw_evidence_occurrence_id	bigint
primarii_transparency.documents	raw_evidence_object_id	bigint
primarii_transparency.documents	content_sha256	text
primarii_transparency.documents	content_bytes	bigint
primarii_transparency.documents	published_date	text
primarii_transparency.documents	effective_date	text
primarii_transparency.documents	attrs	jsonb
primarii_transparency.documents	created_at	timestamp with time zone
primarii_transparency.entity_category_statuses	snapshot_id	bigint
primarii_transparency.entity_category_statuses	cui	text
primarii_transparency.entity_category_statuses	category	text
primarii_transparency.entity_category_statuses	status	text
primarii_transparency.entity_category_statuses	evidence_count	integer
primarii_transparency.entity_category_statuses	missing_evidence_count	integer
primarii_transparency.entity_category_statuses	attrs	jsonb
primarii_transparency.entity_registry_links	link_id	bigint
primarii_transparency.entity_registry_links	cui	text
primarii_transparency.entity_registry_links	registry	text
primarii_transparency.entity_registry_links	registry_cui	text
primarii_transparency.entity_registry_links	link_confidence	real
primarii_transparency.entity_registry_links	attrs	jsonb
primarii_transparency.entity_registry_links	created_at	timestamp with time zone
primarii_transparency.entity_snapshots	snapshot_id	bigint
primarii_transparency.entity_snapshots	cui	text
primarii_transparency.entity_snapshots	entity_name	text
primarii_transparency.entity_snapshots	entity_type	text
primarii_transparency.entity_snapshots	county	text
primarii_transparency.entity_snapshots	website_url	text
primarii_transparency.entity_snapshots	wikipedia_url	text
primarii_transparency.entity_snapshots	source_result_version_id	bigint
primarii_transparency.entity_snapshots	source_result_sha256	text
primarii_transparency.entity_snapshots	schema_version	text
primarii_transparency.entity_snapshots	result_status	text
primarii_transparency.entity_snapshots	confidence	real
primarii_transparency.entity_snapshots	researched_at	timestamp with time zone
primarii_transparency.entity_snapshots	organigrama_status	text
primarii_transparency.entity_snapshots	numar_angajati_status	text
primarii_transparency.entity_snapshots	salarii_status	text
primarii_transparency.entity_snapshots	missing_required_categories	text[]
primarii_transparency.entity_snapshots	validation_issues	text[]
primarii_transparency.entity_snapshots	attrs	jsonb
primarii_transparency.entity_snapshots	loaded_at	timestamp with time zone
primarii_transparency.fact_evidence_refs	fact_evidence_ref_id	bigint
primarii_transparency.fact_evidence_refs	snapshot_id	bigint
primarii_transparency.fact_evidence_refs	cui	text
primarii_transparency.fact_evidence_refs	fact_table	text
primarii_transparency.fact_evidence_refs	fact_id	text
primarii_transparency.fact_evidence_refs	category	text
primarii_transparency.fact_evidence_refs	raw_evidence_occurrence_id	bigint
primarii_transparency.fact_evidence_refs	raw_evidence_object_id	bigint
primarii_transparency.fact_evidence_refs	source_url	text
primarii_transparency.fact_evidence_refs	local_path	text
primarii_transparency.fact_evidence_refs	source_excerpt	text
primarii_transparency.fact_evidence_refs	attrs	jsonb
primarii_transparency.load_issues	load_issue_id	bigint
primarii_transparency.load_issues	load_run_id	text
primarii_transparency.load_issues	severity	text
primarii_transparency.load_issues	issue_code	text
primarii_transparency.load_issues	cui	text
primarii_transparency.load_issues	source_result_version_id	bigint
primarii_transparency.load_issues	raw_evidence_occurrence_id	bigint
primarii_transparency.load_issues	raw_evidence_object_id	bigint
primarii_transparency.load_issues	message	text
primarii_transparency.load_issues	payload	jsonb
primarii_transparency.load_issues	created_at	timestamp with time zone
primarii_transparency.organigrama_claims	organigrama_claim_id	bigint
primarii_transparency.organigrama_claims	snapshot_id	bigint
primarii_transparency.organigrama_claims	cui	text
primarii_transparency.organigrama_claims	status	text
primarii_transparency.organigrama_claims	effective_date	text
primarii_transparency.organigrama_claims	summary	text
primarii_transparency.organigrama_claims	confidence	real
primarii_transparency.organigrama_claims	raw_claim_observation_id	bigint
primarii_transparency.organigrama_claims	source_excerpt	text
primarii_transparency.organigrama_claims	attrs	jsonb
primarii_transparency.salary_amount_claims	salary_amount_claim_id	bigint
primarii_transparency.salary_amount_claims	snapshot_id	bigint
primarii_transparency.salary_amount_claims	cui	text
primarii_transparency.salary_amount_claims	document_pk	bigint
primarii_transparency.salary_amount_claims	amount_ron	numeric(18,2)
primarii_transparency.salary_amount_claims	role_title	text
primarii_transparency.salary_amount_claims	period_start	date
primarii_transparency.salary_amount_claims	period_end	date
primarii_transparency.salary_amount_claims	confidence	real
primarii_transparency.salary_amount_claims	raw_quality_run_id	text
primarii_transparency.salary_amount_claims	raw_claim_observation_id	bigint
primarii_transparency.salary_amount_claims	source_excerpt	text
primarii_transparency.salary_amount_claims	attrs	jsonb
primarii_transparency.salary_documents	salary_document_id	bigint
primarii_transparency.salary_documents	document_pk	bigint
primarii_transparency.salary_documents	cui	text
primarii_transparency.salary_documents	year	integer
primarii_transparency.salary_documents	period	text
primarii_transparency.salary_documents	is_latest	boolean
primarii_transparency.salary_documents	attrs	jsonb
primarii_transparency.staffing_claims	staffing_claim_id	bigint
primarii_transparency.staffing_claims	snapshot_id	bigint
primarii_transparency.staffing_claims	cui	text
primarii_transparency.staffing_claims	total_positions	integer
primarii_transparency.staffing_claims	occupied_positions	integer
primarii_transparency.staffing_claims	vacant_positions	integer
primarii_transparency.staffing_claims	as_of_date	text
primarii_transparency.staffing_claims	confidence	real
primarii_transparency.staffing_claims	raw_claim_observation_id	bigint
primarii_transparency.staffing_claims	source_excerpt	text
primarii_transparency.staffing_claims	attrs	jsonb
