procurement.aggregate_quality_by_grain	projection_version	text
procurement.aggregate_quality_by_grain	source_grain	text
procurement.aggregate_quality_by_grain	rows_count	bigint
procurement.aggregate_quality_by_grain	authority_cui_present_count	bigint
procurement.aggregate_quality_by_grain	supplier_cui_present_count	bigint
procurement.aggregate_quality_by_grain	amount_present_count	bigint
procurement.aggregate_quality_by_grain	cpv_present_count	bigint
procurement.aggregate_quality_by_grain	date_present_count	bigint
procurement.aggregate_quality_by_grain	authority_count	bigint
procurement.aggregate_quality_by_grain	authority_territory_count	bigint
procurement.aggregate_quality_by_grain	authority_cui_coverage_rate	numeric
procurement.aggregate_quality_by_grain	supplier_cui_coverage_rate	numeric
procurement.aggregate_quality_by_grain	amount_coverage_rate	numeric
procurement.aggregate_quality_by_grain	cpv_coverage_rate	numeric
procurement.aggregate_quality_by_grain	date_coverage_rate	numeric
procurement.aggregate_quality_by_grain	authority_territory_coverage_rate	numeric
procurement.aggregate_quality_by_grain	filter_answers_allowed	boolean
procurement.aggregate_quality_by_grain	spend_rankings_allowed	boolean
procurement.aggregate_quality_by_grain	supplier_region_filters_allowed	boolean
procurement.aggregate_quality_by_grain	blockers	text[]
procurement.aggregate_quality_by_grain	refreshed_at	timestamp with time zone
procurement.authority_cpv_division_monthly_rollups	projection_version	text
procurement.authority_cpv_division_monthly_rollups	month_start	date
procurement.authority_cpv_division_monthly_rollups	source_grain	text
procurement.authority_cpv_division_monthly_rollups	authority_cui	text
procurement.authority_cpv_division_monthly_rollups	authority_name	text
procurement.authority_cpv_division_monthly_rollups	authority_county_code	text
procurement.authority_cpv_division_monthly_rollups	authority_county_name	text
procurement.authority_cpv_division_monthly_rollups	authority_region	text
procurement.authority_cpv_division_monthly_rollups	cpv_division_code	text
procurement.authority_cpv_division_monthly_rollups	cpv_division_label_en	text
procurement.authority_cpv_division_monthly_rollups	flow_count	bigint
procurement.authority_cpv_division_monthly_rollups	amount_ron_sum	numeric(20,2)
procurement.authority_cpv_division_monthly_rollups	amount_present_count	bigint
procurement.authority_cpv_division_monthly_rollups	amount_missing_count	bigint
procurement.authority_cpv_division_monthly_rollups	distinct_supplier_count	bigint
procurement.authority_cpv_division_monthly_rollups	first_flow_date	date
procurement.authority_cpv_division_monthly_rollups	last_flow_date	date
procurement.authority_cpv_division_monthly_rollups	evidence_refs_sample	text[]
procurement.authority_cpv_division_monthly_rollups	refreshed_at	timestamp with time zone
procurement.contract_modifications	modification_id	bigint
procurement.contract_modifications	source_ref	text
procurement.contract_modifications	contract_id	bigint
procurement.contract_modifications	link_method	text
procurement.contract_modifications	link_confidence	real
procurement.contract_modifications	authority_cui	text
procurement.contract_modifications	authority_name	text
procurement.contract_modifications	supplier_cui	text
procurement.contract_modifications	supplier_name	text
procurement.contract_modifications	contract_no	text
procurement.contract_modifications	notice_no	text
procurement.contract_modifications	modification_date	date
procurement.contract_modifications	value_before_ron	numeric(18,2)
procurement.contract_modifications	value_after_ron	numeric(18,2)
procurement.contract_modifications	value_delta_ron	numeric(18,2)
procurement.contract_modifications	modification_type	text
procurement.contract_modifications	year	integer
procurement.contract_modifications	quarter	text
procurement.contract_modifications	attrs	jsonb
procurement.contract_modifications	created_at	timestamp with time zone
procurement.contract_modifications	updated_at	timestamp with time zone
procurement.contracts	contract_id	bigint
procurement.contracts	contract_key	text
procurement.contracts	source_system	text
procurement.contracts	procedure_id	bigint
procurement.contracts	notice_no	text
procurement.contracts	contract_no	text
procurement.contracts	contract_date	date
procurement.contracts	title	text
procurement.contracts	authority_cui	text
procurement.contracts	authority_name	text
procurement.contracts	supplier_cui	text
procurement.contracts	supplier_name	text
procurement.contracts	supplier_raw	text
procurement.contracts	cpv_code	text
procurement.contracts	cpv_raw	text
procurement.contracts	value_ron	numeric(18,2)
procurement.contracts	estimated_value_ron	numeric(18,2)
procurement.contracts	currency	text
procurement.contracts	status	text
procurement.contracts	status_raw	text
procurement.contracts	county_name	text
procurement.contracts	is_canonical	boolean
procurement.contracts	dup_group_id	bigint
procurement.contracts	dup_method	text
procurement.contracts	dup_confidence	real
procurement.contracts	source_updated_at	timestamp with time zone
procurement.contracts	attrs	jsonb
procurement.contracts	created_at	timestamp with time zone
procurement.contracts	updated_at	timestamp with time zone
procurement.cpv_codes	cpv_code	text
procurement.cpv_codes	label_ro	text
procurement.cpv_codes	parent_code	text
procurement.cpv_codes	cpv_level	integer
procurement.cpv_codes	source	text
procurement.cpv_codes	updated_at	timestamp with time zone
procurement.cpv_divisions	division_code	text
procurement.cpv_divisions	label_en	text
procurement.cpv_divisions	label_ro	text
procurement.cpv_divisions	source_version	text
procurement.cpv_divisions	updated_at	timestamp with time zone
procurement.direct_acquisitions	da_id	bigint
procurement.direct_acquisitions	da_key	text
procurement.direct_acquisitions	source_system	text
procurement.direct_acquisitions	unique_code	text
procurement.direct_acquisitions	title	text
procurement.direct_acquisitions	authority_cui	text
procurement.direct_acquisitions	authority_name	text
procurement.direct_acquisitions	supplier_cui	text
procurement.direct_acquisitions	supplier_name	text
procurement.direct_acquisitions	supplier_raw	text
procurement.direct_acquisitions	cpv_code	text
procurement.direct_acquisitions	cpv_raw	text
procurement.direct_acquisitions	value_ron	numeric(18,2)
procurement.direct_acquisitions	estimated_value_ron	numeric(18,2)
procurement.direct_acquisitions	currency	text
procurement.direct_acquisitions	status	text
procurement.direct_acquisitions	status_raw	text
procurement.direct_acquisitions	state_id	integer
procurement.direct_acquisitions	county_name	text
procurement.direct_acquisitions	publication_date	date
procurement.direct_acquisitions	finalization_date	date
procurement.direct_acquisitions	is_canonical	boolean
procurement.direct_acquisitions	dup_group_id	bigint
procurement.direct_acquisitions	dup_method	text
procurement.direct_acquisitions	dup_confidence	real
procurement.direct_acquisitions	source_updated_at	timestamp with time zone
procurement.direct_acquisitions	attrs	jsonb
procurement.direct_acquisitions	created_at	timestamp with time zone
procurement.direct_acquisitions	updated_at	timestamp with time zone
procurement.org_edge_monthly_rollups	projection_version	text
procurement.org_edge_monthly_rollups	month_start	date
procurement.org_edge_monthly_rollups	source_grain	text
procurement.org_edge_monthly_rollups	authority_cui	text
procurement.org_edge_monthly_rollups	authority_name	text
procurement.org_edge_monthly_rollups	supplier_cui	text
procurement.org_edge_monthly_rollups	supplier_name	text
procurement.org_edge_monthly_rollups	authority_county_code	text
procurement.org_edge_monthly_rollups	authority_county_name	text
procurement.org_edge_monthly_rollups	authority_region	text
procurement.org_edge_monthly_rollups	flow_count	bigint
procurement.org_edge_monthly_rollups	amount_ron_sum	numeric(20,2)
procurement.org_edge_monthly_rollups	amount_present_count	bigint
procurement.org_edge_monthly_rollups	amount_missing_count	bigint
procurement.org_edge_monthly_rollups	date_present_count	bigint
procurement.org_edge_monthly_rollups	cpv_present_count	bigint
procurement.org_edge_monthly_rollups	distinct_cpv_code_count	bigint
procurement.org_edge_monthly_rollups	distinct_cpv_division_count	bigint
procurement.org_edge_monthly_rollups	authority_territory_present_count	bigint
procurement.org_edge_monthly_rollups	first_flow_date	date
procurement.org_edge_monthly_rollups	last_flow_date	date
procurement.org_edge_monthly_rollups	evidence_refs_sample	text[]
procurement.org_edge_monthly_rollups	refreshed_at	timestamp with time zone
procurement.procedures	procedure_id	bigint
procurement.procedures	source_system	text
procurement.procedures	source_ref	text
procurement.procedures	notice_no	text
procurement.procedures	notice_kind	text
procurement.procedures	procedure_type	text
procurement.procedures	contract_kind	text
procurement.procedures	title	text
procurement.procedures	authority_cui	text
procurement.procedures	authority_name	text
procurement.procedures	cpv_code	text
procurement.procedures	cpv_raw	text
procurement.procedures	estimated_value_ron	numeric(18,2)
procurement.procedures	awarded_value_ron	numeric(18,2)
procurement.procedures	currency	text
procurement.procedures	status	text
procurement.procedures	status_raw	text
procurement.procedures	county_name	text
procurement.procedures	publication_date	date
procurement.procedures	state_date	date
procurement.procedures	source_updated_at	timestamp with time zone
procurement.procedures	attrs	jsonb
procurement.procedures	created_at	timestamp with time zone
procurement.procedures	updated_at	timestamp with time zone
procurement.procurement_flow_facts_v1	flow_id	bigint
procurement.procurement_flow_facts_v1	source_grain	text
procurement.procurement_flow_facts_v1	source_id	text
procurement.procurement_flow_facts_v1	source_ref	text
procurement.procurement_flow_facts_v1	authority_cui	text
procurement.procurement_flow_facts_v1	authority_name	text
procurement.procurement_flow_facts_v1	authority_org_id	bigint
procurement.procurement_flow_facts_v1	supplier_cui	text
procurement.procurement_flow_facts_v1	supplier_name	text
procurement.procurement_flow_facts_v1	supplier_org_id	bigint
procurement.procurement_flow_facts_v1	amount_ron	numeric(18,2)
procurement.procurement_flow_facts_v1	currency	text
procurement.procurement_flow_facts_v1	flow_date	date
procurement.procurement_flow_facts_v1	flow_year	integer
procurement.procurement_flow_facts_v1	title	text
procurement.procurement_flow_facts_v1	classification_system	text
procurement.procurement_flow_facts_v1	cpv_code	text
procurement.procurement_flow_facts_v1	cpv_division_code	text
procurement.procurement_flow_facts_v1	cpv_division_label_en	text
procurement.procurement_flow_facts_v1	authority_territorial_siruta_code	text
procurement.procurement_flow_facts_v1	authority_county_code	text
procurement.procurement_flow_facts_v1	authority_county_name	text
procurement.procurement_flow_facts_v1	authority_region	text
procurement.procurement_flow_facts_v1	attrs	jsonb
procurement.procurement_flow_facts_v1	has_authority_cui	boolean
procurement.procurement_flow_facts_v1	has_supplier_cui	boolean
procurement.procurement_flow_facts_v1	has_amount	boolean
procurement.procurement_flow_facts_v1	has_cpv	boolean
procurement.procurement_flow_facts_v1	has_flow_date	boolean
procurement.procurement_flow_facts_v1	has_authority_territory	boolean
procurement.same_day_direct_acquisition_candidates	projection_version	text
procurement.same_day_direct_acquisition_candidates	candidate_date	date
procurement.same_day_direct_acquisition_candidates	authority_cui	text
procurement.same_day_direct_acquisition_candidates	authority_name	text
procurement.same_day_direct_acquisition_candidates	supplier_cui	text
procurement.same_day_direct_acquisition_candidates	supplier_name	text
procurement.same_day_direct_acquisition_candidates	authority_county_code	text
procurement.same_day_direct_acquisition_candidates	authority_county_name	text
procurement.same_day_direct_acquisition_candidates	authority_region	text
procurement.same_day_direct_acquisition_candidates	cpv_code	text
procurement.same_day_direct_acquisition_candidates	cpv_division_code	text
procurement.same_day_direct_acquisition_candidates	cpv_division_label_en	text
procurement.same_day_direct_acquisition_candidates	same_day_count	bigint
procurement.same_day_direct_acquisition_candidates	same_day_total_ron	numeric(20,2)
procurement.same_day_direct_acquisition_candidates	max_single_amount_ron	numeric(20,2)
procurement.same_day_direct_acquisition_candidates	amount_present_count	bigint
procurement.same_day_direct_acquisition_candidates	amount_missing_count	bigint
procurement.same_day_direct_acquisition_candidates	evidence_refs_sample	text[]
procurement.same_day_direct_acquisition_candidates	refreshed_at	timestamp with time zone
procurement.supplier_cpv_division_monthly_rollups	projection_version	text
procurement.supplier_cpv_division_monthly_rollups	month_start	date
procurement.supplier_cpv_division_monthly_rollups	source_grain	text
procurement.supplier_cpv_division_monthly_rollups	authority_cui	text
procurement.supplier_cpv_division_monthly_rollups	authority_name	text
procurement.supplier_cpv_division_monthly_rollups	supplier_cui	text
procurement.supplier_cpv_division_monthly_rollups	supplier_name	text
procurement.supplier_cpv_division_monthly_rollups	authority_county_code	text
procurement.supplier_cpv_division_monthly_rollups	authority_county_name	text
procurement.supplier_cpv_division_monthly_rollups	authority_region	text
procurement.supplier_cpv_division_monthly_rollups	cpv_division_code	text
procurement.supplier_cpv_division_monthly_rollups	cpv_division_label_en	text
procurement.supplier_cpv_division_monthly_rollups	flow_count	bigint
procurement.supplier_cpv_division_monthly_rollups	amount_ron_sum	numeric(20,2)
procurement.supplier_cpv_division_monthly_rollups	amount_present_count	bigint
procurement.supplier_cpv_division_monthly_rollups	amount_missing_count	bigint
procurement.supplier_cpv_division_monthly_rollups	distinct_cpv_code_count	bigint
procurement.supplier_cpv_division_monthly_rollups	first_flow_date	date
procurement.supplier_cpv_division_monthly_rollups	last_flow_date	date
procurement.supplier_cpv_division_monthly_rollups	evidence_refs_sample	text[]
procurement.supplier_cpv_division_monthly_rollups	refreshed_at	timestamp with time zone
